ID,periodo,ingreso,edad,target
0,202201,9903,25,1
1,202201,1900,23,0
2,202201,2187,48,1
3,202201,5173,31,1
4,202201,9678,38,1
5,202201,8551,47,1
6,202201,2219,31,0
7,202201,8617,38,1
8,202201,4002,51,0
9,202201,4282,47,1
10,202201,9168,40,0
11,202201,3944,27,0
12,202201,8783,53,0
13,202201,6154,33,0
14,202201,6152,55,0
15,202201,6832,57,0
16,202201,7837,39,0
17,202201,8181,25,0
18,202201,8323,39,1
19,202201,7100,32,1
20,202201,5289,38,1
21,202201,6972,60,1
22,202201,4534,31,0
23,202201,9561,50,0
24,202201,7473,57,0
25,202201,3058,18,1
26,202201,2134,54,1
27,202201,7704,33,0
28,202201,5151,48,0
29,202201,8028,29,0
30,202201,8679,54,0
31,202201,5000,56,0
32,202201,4374,32,1
33,202201,3228,31,1
34,202201,5059,28,1
35,202201,4432,34,0
36,202201,2964,56,1
37,202201,1840,19,0
38,202201,9167,18,1
39,202201,7355,50,0
40,202201,2802,53,0
41,202201,3712,63,1
42,202201,8352,19,0
43,202201,2342,19,1
44,202201,4617,36,0
45,202201,7520,51,0
46,202201,6947,29,0
47,202201,8392,58,0
48,202201,5902,39,1
49,202201,9877,44,0
50,202201,9382,20,1
51,202201,2856,37,1
52,202201,7160,26,1
53,202201,3614,43,1
54,202201,9976,51,1
55,202201,2991,30,0
56,202201,8209,62,0
57,202201,7443,30,1
58,202201,2053,46,1
59,202201,8445,33,0
60,202201,1558,57,0
61,202201,1566,49,1
62,202201,9473,26,1
63,202201,6547,36,0
64,202201,8601,45,1
65,202201,2278,27,0
66,202201,7395,55,1
67,202201,3255,37,1
68,202201,9244,57,1
69,202201,3144,28,0
70,202201,6292,34,1
71,202201,7030,30,0
72,202201,5756,56,0
73,202201,6427,54,0
74,202201,3755,60,1
75,202201,6129,38,0
76,202201,5323,43,0
77,202201,8816,27,0
78,202201,3556,33,0
79,202201,9871,51,1
80,202201,5352,63,1
81,202201,4903,18,1
82,202201,6269,63,1
83,202201,3698,25,1
84,202201,7401,60,1
85,202201,1997,38,0
86,202201,9469,38,1
87,202201,2597,35,0
88,202201,8219,30,1
89,202201,5321,31,1
90,202201,7132,59,0
91,202201,9937,64,0
92,202201,9970,29,0
93,202201,5969,28,0
94,202201,5443,32,0
95,202201,3810,61,0
96,202201,7677,27,1
97,202201,4476,39,0
98,202201,2168,23,1
99,202201,4731,35,1
100,202201,5881,33,0
101,202201,7845,38,1
102,202201,4167,54,1
103,202201,3509,62,0
104,202201,7184,37,0
105,202201,4636,59,0
106,202201,8996,54,1
107,202201,4716,35,0
108,202201,9018,26,1
109,202201,4911,52,0
110,202201,5291,54,0
111,202201,8480,20,1
112,202201,8758,49,0
113,202201,9961,61,1
114,202201,9190,49,0
115,202201,8733,35,0
116,202201,1434,62,1
117,202201,3073,36,0
118,202201,1331,64,1
119,202201,4935,60,1
120,202201,3116,36,0
121,202201,7566,44,0
122,202201,2668,28,1
123,202201,2370,48,0
124,202201,2956,53,1
125,202201,2964,64,0
126,202201,9899,44,0
127,202201,1530,32,1
128,202201,8866,39,1
129,202201,6865,54,0
130,202201,1489,33,1
131,202201,6242,39,1
132,202201,9680,18,0
133,202201,1464,38,1
134,202201,3932,25,0
135,202201,8193,31,1
136,202201,9714,48,0
137,202201,4521,51,1
138,202201,7350,60,0
139,202201,8203,57,0
140,202201,6473,25,0
141,202201,8745,52,0
142,202201,3514,23,0
143,202201,9204,54,1
144,202201,1119,42,0
145,202201,9508,58,0
146,202201,8623,50,0
147,202201,7907,29,1
148,202201,8378,35,0
149,202201,6450,46,1
150,202201,2665,21,1
151,202201,4170,54,0
152,202201,2097,24,1
153,202201,5753,64,0
154,202201,5735,40,1
155,202201,5671,54,1
156,202201,6644,50,0
157,202201,2659,55,0
158,202201,2052,20,0
159,202201,8394,49,0
160,202201,5005,48,0
161,202201,1639,42,0
162,202201,6442,32,1
163,202201,3786,23,1
164,202201,1367,34,1
165,202201,1670,64,0
166,202201,6154,36,0
167,202201,3380,41,0
168,202201,5167,48,1
169,202201,3304,25,1
170,202201,3305,47,0
171,202201,8756,64,1
172,202201,5317,60,0
173,202201,7145,58,0
174,202201,8791,22,1
175,202201,5730,31,1
176,202201,6335,53,0
177,202201,8517,28,0
178,202201,2217,44,0
179,202201,9241,25,0
180,202201,4675,29,1
181,202201,7757,60,0
182,202201,4234,24,0
183,202201,3727,25,0
184,202201,7975,29,1
185,202201,7069,20,1
186,202201,5871,46,0
187,202201,2568,24,0
188,202201,4920,58,0
189,202201,8662,44,1
190,202201,3544,62,1
191,202201,2435,54,0
192,202201,4701,38,1
193,202201,7048,63,0
194,202201,3590,27,0
195,202201,8081,25,0
196,202201,8348,44,0
197,202201,2997,44,1
198,202201,9998,64,0
199,202201,5894,20,0
200,202203,4821,57,1
201,202203,4003,32,1
202,202203,3409,40,0
203,202203,7125,55,0
204,202203,3792,44,1
205,202203,9225,43,0
206,202203,8810,23,1
207,202203,6548,33,1
208,202203,8531,28,1
209,202203,4668,27,1
210,202203,2903,39,1
211,202203,6362,47,1
212,202203,4709,49,1
213,202203,5559,63,0
214,202203,7990,28,1
215,202203,6780,22,1
216,202203,5112,60,0
217,202203,6645,56,1
218,202203,1153,33,1
219,202203,6744,20,1
220,202203,5236,19,1
221,202203,4303,30,0
222,202203,6520,49,1
223,202203,7100,30,1
224,202203,1469,59,1
225,202203,8320,24,0
226,202203,8468,60,1
227,202203,6948,38,0
228,202203,2973,55,0
229,202203,5535,49,0
230,202203,3238,36,1
231,202203,3471,23,1
232,202203,1944,51,0
233,202203,1147,64,1
234,202203,8183,43,0
235,202203,7768,35,0
236,202203,2273,56,0
237,202203,1941,33,0
238,202203,1943,61,0
239,202203,5614,47,0
240,202203,9648,45,0
241,202203,6544,62,0
242,202203,4713,56,1
243,202203,4855,47,1
244,202203,5670,40,1
245,202203,9529,60,0
246,202203,9372,52,1
247,202203,5678,64,1
248,202203,3251,51,1
249,202203,8007,63,0
250,202203,4622,46,1
251,202203,3045,46,0
252,202203,2412,21,0
253,202203,3942,23,1
254,202203,1549,36,1
255,202203,1970,63,0
256,202203,6287,63,0
257,202203,4986,59,0
258,202203,1762,26,0
259,202203,1806,40,1
260,202203,5374,49,1
261,202203,8142,29,1
262,202203,8179,50,1
263,202203,9269,33,0
264,202203,5211,51,0
265,202203,5478,56,1
266,202203,9932,35,0
267,202203,1987,42,0
268,202203,3430,54,1
269,202203,4779,48,0
270,202203,1175,19,1
271,202203,2855,42,0
272,202203,7506,33,0
273,202203,8817,52,0
274,202203,2936,50,1
275,202203,8611,28,1
276,202203,2679,24,0
277,202203,5177,60,1
278,202203,9310,54,1
279,202203,3916,62,1
280,202203,5061,58,1
281,202203,3427,29,0
282,202203,4779,32,1
283,202203,5753,53,0
284,202203,7046,46,1
285,202203,3339,48,1
286,202203,2569,42,0
287,202203,3366,19,1
288,202203,7287,33,1
289,202203,7187,61,1
290,202203,2201,22,0
291,202203,7352,48,0
292,202203,4901,41,1
293,202203,7441,26,1
294,202203,3248,41,0
295,202203,5933,48,0
296,202203,9099,29,0
297,202203,3986,23,0
298,202203,4200,18,1
299,202203,1286,52,0
300,202204,6966,20,1
301,202204,2024,59,1
302,202204,8099,26,0
303,202204,5904,40,1
304,202204,1455,57,0
305,202204,3213,47,1
306,202204,4201,54,1
307,202204,7822,63,1
308,202204,1561,61,1
309,202204,4490,53,1
310,202204,1860,40,1
311,202204,2129,52,1
312,202204,2572,28,1
313,202204,4505,64,0
314,202204,1046,32,1
315,202204,4409,25,0
316,202204,5359,52,0
317,202204,4037,43,1
318,202204,1226,64,0
319,202204,2596,40,1
320,202204,9206,62,0
321,202204,6832,21,1
322,202204,6861,44,0
323,202204,4347,61,0
324,202204,6059,20,0
325,202204,3598,54,1
326,202204,7010,25,0
327,202204,2411,48,1
328,202204,2291,54,1
329,202204,5300,29,0
330,202204,9448,35,1
331,202204,5760,56,0
332,202204,2157,64,0
333,202204,4074,58,0
334,202204,5084,59,0
335,202204,3561,60,0
336,202204,2116,43,0
337,202204,5386,62,1
338,202204,6446,46,1
339,202204,3059,51,0
340,202204,5467,29,1
341,202204,5436,43,1
342,202204,5508,39,0
343,202204,8235,42,1
344,202204,7758,33,1
345,202204,9932,24,1
346,202204,6901,34,1
347,202204,1344,59,1
348,202204,6039,57,0
349,202204,6322,38,1
350,202204,3869,20,1
351,202204,3231,31,1
352,202204,6483,41,1
353,202204,7334,62,1
354,202204,8472,33,1
355,202204,6685,50,1
356,202204,7364,32,1
357,202204,5658,46,0
358,202204,5954,41,0
359,202204,1969,38,0
360,202204,2079,31,0
361,202204,8978,61,1
362,202204,9477,39,1
363,202204,9064,56,1
364,202204,6939,60,0
365,202204,8888,54,0
366,202204,8390,35,1
367,202204,5268,28,1
368,202204,7377,54,0
369,202204,5187,51,0
370,202204,3693,20,1
371,202204,3609,21,1
372,202204,5319,54,0
373,202204,9503,36,0
374,202204,5237,50,0
375,202204,5877,59,1
376,202204,5028,58,1
377,202204,6925,33,1
378,202204,8961,36,0
379,202204,8626,44,0
380,202204,6712,19,1
381,202204,7589,50,0
382,202204,5523,54,0
383,202204,8843,31,1
384,202204,9031,21,0
385,202204,4533,50,1
386,202204,1521,30,1
387,202204,6478,59,1
388,202204,8230,53,0
389,202204,6324,31,0
390,202204,1501,38,1
391,202204,6891,59,1
392,202204,7057,56,0
393,202204,5408,44,1
394,202204,7979,25,1
395,202204,3563,36,1
396,202204,2195,49,0
397,202204,1248,28,1
398,202204,5911,52,1
399,202204,4877,50,1
400,202205,7234,50,1
401,202205,5363,26,1
402,202205,5453,32,0
403,202205,6707,20,1
404,202205,9816,52,0
405,202205,5181,51,0
406,202205,4971,50,1
407,202205,7410,22,0
408,202205,2910,39,1
409,202205,9035,44,0
410,202205,5224,53,0
411,202205,7007,50,1
412,202205,8280,45,0
413,202205,9941,48,0
414,202205,8804,39,0
415,202205,2507,47,1
416,202205,3435,49,0
417,202205,9788,57,1
418,202205,1147,43,0
419,202205,8525,53,0
420,202205,2791,60,0
421,202205,6239,21,0
422,202205,9453,29,1
423,202205,9940,24,0
424,202205,6230,60,1
425,202205,9423,28,0
426,202205,5782,18,1
427,202205,1498,45,0
428,202205,4522,58,0
429,202205,1148,59,1
430,202205,7565,30,1
431,202205,3360,53,1
432,202205,2194,31,1
433,202205,6780,56,0
434,202205,5807,27,1
435,202205,7782,46,0
436,202205,6519,42,1
437,202205,1245,37,0
438,202205,1863,33,1
439,202205,5330,37,0
440,202205,5202,48,1
441,202205,5945,62,0
442,202205,7486,36,0
443,202205,5569,45,1
444,202205,2311,19,1
445,202205,9406,53,1
446,202205,1802,50,0
447,202205,1383,60,0
448,202205,7227,62,0
449,202205,2895,18,1
450,202205,4204,25,0
451,202205,7930,39,0
452,202205,1988,52,1
453,202205,4428,52,1
454,202205,6454,54,1
455,202205,2625,56,1
456,202205,8552,62,0
457,202205,3624,25,0
458,202205,9222,34,0
459,202205,2838,57,1
460,202205,9543,42,1
461,202205,4936,57,0
462,202205,8264,33,0
463,202205,3910,54,0
464,202205,5451,46,1
465,202205,5025,33,1
466,202205,4926,45,1
467,202205,5301,43,1
468,202205,3055,52,0
469,202205,8447,23,0
470,202205,5316,26,1
471,202205,3607,24,1
472,202205,9133,54,0
473,202205,1405,20,0
474,202205,3493,29,0
475,202205,2367,24,1
476,202205,9938,30,0
477,202205,8201,21,1
478,202205,3733,34,0
479,202205,2483,61,0
480,202205,9300,60,0
481,202205,9954,32,1
482,202205,2939,29,0
483,202205,4901,50,0
484,202205,2503,27,0
485,202205,8668,42,1
486,202205,3684,50,0
487,202205,7418,18,0
488,202205,1712,41,0
489,202205,1597,39,0
490,202205,4434,43,0
491,202205,7355,34,1
492,202205,8598,29,0
493,202205,1800,63,1
494,202205,5956,61,0
495,202205,3957,33,1
496,202205,6977,34,1
497,202205,5139,55,0
498,202205,4214,41,1
499,202205,8958,25,0
500,202205,5356,51,0
501,202205,5486,48,1
502,202205,1977,41,1
503,202205,1558,64,0
504,202205,6488,38,0
505,202205,8554,44,1
506,202205,5271,56,1
507,202205,2768,37,0
508,202205,8749,29,1
509,202205,9281,63,0
510,202205,3606,20,1
511,202205,2409,28,0
512,202205,4873,62,1
513,202205,9989,39,1
514,202205,5097,22,0
515,202205,3594,46,0
516,202205,8389,35,0
517,202205,2607,26,0
518,202205,7216,62,1
519,202205,8198,48,0
520,202205,8397,46,0
521,202205,2319,34,1
522,202205,7407,54,1
523,202205,3565,31,0
524,202205,3194,47,0
525,202205,8236,26,1
526,202205,4172,35,1
527,202205,1794,30,0
528,202205,4056,59,1
529,202205,2097,25,0
530,202205,4475,23,0
531,202205,1858,51,1
532,202205,3619,57,1
533,202205,4566,32,0
534,202205,8732,23,0
535,202205,7533,34,0
536,202205,6925,64,0
537,202205,4872,63,1
538,202205,5879,31,0
539,202205,2885,34,0
540,202205,6623,50,1
541,202205,4223,44,1
542,202205,4953,63,1
543,202205,3139,42,1
544,202205,4473,63,1
545,202205,6437,57,1
546,202205,4723,44,0
547,202205,8514,51,1
548,202205,4641,45,1
549,202205,7210,39,1
550,202205,6138,55,1
551,202205,5664,40,0
552,202205,7367,37,1
553,202205,3229,54,1
554,202205,1161,47,1
555,202205,5799,43,1
556,202205,1312,52,0
557,202205,3668,23,0
558,202205,8870,42,0
559,202205,5048,30,0
560,202205,2847,28,1
561,202205,9295,47,0
562,202205,2318,41,0
563,202205,2176,44,0
564,202205,9843,31,0
565,202205,7917,45,0
566,202205,5371,29,0
567,202205,6422,19,0
568,202205,2256,41,1
569,202205,5643,48,1
570,202205,5842,32,1
571,202205,6232,38,0
572,202205,3944,49,1
573,202205,3900,50,0
574,202205,2779,42,1
575,202205,9351,57,0
576,202205,4296,32,0
577,202205,7474,41,1
578,202205,5616,59,0
579,202205,9022,39,0
580,202205,3430,59,1
581,202205,8877,29,0
582,202205,3055,44,0
583,202205,3976,56,1
584,202205,6482,31,1
585,202205,1997,36,0
586,202205,8159,57,0
587,202205,8509,24,1
588,202205,1994,21,0
589,202205,9946,42,0
590,202205,9109,18,0
591,202205,8847,37,0
592,202205,9739,37,1
593,202205,8273,28,0
594,202205,9867,26,0
595,202205,4449,43,0
596,202205,1131,42,1
597,202205,5889,60,1
598,202205,6918,21,0
599,202205,8378,23,1
600,202206,2723,23,1
601,202206,7987,32,0
602,202206,8803,51,0
603,202206,2826,18,1
604,202206,8008,57,1
605,202206,8138,44,1
606,202206,3263,41,1
607,202206,6653,63,1
608,202206,7653,21,1
609,202206,2609,19,0
610,202206,4709,36,0
611,202206,5752,64,0
612,202206,3510,48,0
613,202206,2985,25,0
614,202206,7519,37,0
615,202206,7868,20,0
616,202206,4341,27,0
617,202206,6876,45,1
618,202206,9732,28,0
619,202206,6392,45,1
620,202206,9168,54,1
621,202206,7231,57,0
622,202206,2953,34,1
623,202206,9861,55,0
624,202206,7071,35,0
625,202206,6717,47,1
626,202206,8539,31,1
627,202206,1049,39,0
628,202206,9348,24,0
629,202206,6029,45,0
630,202206,3354,60,1
631,202206,3062,60,1
632,202206,2629,52,1
633,202206,9619,22,0
634,202206,8786,50,1
635,202206,1760,34,0
636,202206,6687,59,0
637,202206,8505,38,1
638,202206,2307,26,0
639,202206,9768,49,1
640,202206,7019,61,0
641,202206,2086,23,0
642,202206,5810,21,0
643,202206,4234,43,1
644,202206,9256,46,1
645,202206,1839,28,1
646,202206,5697,51,1
647,202206,4519,29,0
648,202206,9506,30,0
649,202206,4336,41,1
650,202206,5604,59,0
651,202206,6356,38,0
652,202206,7847,23,0
653,202206,7061,40,0
654,202206,6803,24,1
655,202206,5681,20,0
656,202206,3227,28,1
657,202206,6675,57,1
658,202206,1968,46,0
659,202206,9823,19,0
660,202206,9999,39,1
661,202206,2387,20,0
662,202206,2436,21,1
663,202206,2519,41,0
664,202206,1535,47,0
665,202206,6071,54,1
666,202206,1831,47,1
667,202206,5246,53,0
668,202206,3532,52,1
669,202206,3437,62,1
670,202206,3068,61,1
671,202206,7475,61,0
672,202206,4690,35,0
673,202206,2166,32,1
674,202206,7769,34,0
675,202206,5187,33,1
676,202206,6618,24,0
677,202206,8582,21,1
678,202206,4668,28,0
679,202206,2302,42,1
680,202206,4427,32,0
681,202206,6279,60,1
682,202206,9931,30,1
683,202206,7845,35,0
684,202206,2102,29,1
685,202206,9874,49,1
686,202206,8095,42,1
687,202206,4989,31,1
688,202206,9918,48,0
689,202206,2663,29,1
690,202206,4456,46,0
691,202206,6653,52,0
692,202206,1118,45,1
693,202206,3251,41,0
694,202206,3662,28,1
695,202206,5934,43,0
696,202206,2230,42,1
697,202206,6989,59,1
698,202206,5110,18,1
699,202206,5923,64,0
700,202207,6634,44,0
701,202207,2973,30,1
702,202207,9852,37,1
703,202207,3600,53,1
704,202207,8889,22,0
705,202207,9070,45,1
706,202207,9113,36,0
707,202207,8693,63,0
708,202207,2817,53,1
709,202207,2408,21,1
710,202207,8447,56,0
711,202207,1662,38,1
712,202207,2970,38,0
713,202207,5149,29,1
714,202207,5161,58,1
715,202207,5596,40,0
716,202207,6309,19,1
717,202207,5965,21,0
718,202207,9769,54,0
719,202207,5998,52,0
720,202207,1305,24,0
721,202207,6994,18,0
722,202207,7198,27,1
723,202207,1169,43,1
724,202207,4937,39,0
725,202207,5560,23,1
726,202207,4482,24,0
727,202207,3166,35,1
728,202207,9686,49,0
729,202207,6207,38,0
730,202207,9825,35,0
731,202207,1456,31,1
732,202207,9805,30,0
733,202207,4559,61,1
734,202207,4632,56,1
735,202207,2466,57,0
736,202207,3242,31,0
737,202207,4206,42,0
738,202207,2329,42,1
739,202207,3062,30,0
740,202207,3625,45,1
741,202207,8679,64,0
742,202207,6671,52,1
743,202207,5247,42,1
744,202207,1505,33,1
745,202207,3309,51,1
746,202207,6401,28,0
747,202207,1195,45,0
748,202207,7803,53,1
749,202207,5751,56,0
750,202207,7896,31,1
751,202207,2431,54,1
752,202207,4889,27,1
753,202207,7779,62,1
754,202207,1719,18,0
755,202207,7613,37,0
756,202207,7262,40,0
757,202207,1020,44,0
758,202207,2517,23,1
759,202207,4898,64,0
760,202207,8798,33,1
761,202207,8007,30,0
762,202207,7777,38,1
763,202207,7627,31,0
764,202207,1057,51,1
765,202207,8801,24,0
766,202207,3077,31,1
767,202207,3563,50,1
768,202207,5204,49,1
769,202207,8319,19,1
770,202207,6414,33,0
771,202207,3170,44,1
772,202207,3276,42,1
773,202207,3136,22,0
774,202207,7958,64,0
775,202207,9584,23,0
776,202207,4953,31,0
777,202207,3745,56,0
778,202207,5187,33,1
779,202207,9673,32,1
780,202207,8485,58,1
781,202207,7536,52,0
782,202207,5084,51,1
783,202207,8207,40,0
784,202207,4253,62,1
785,202207,2877,31,0
786,202207,9836,41,0
787,202207,7893,18,0
788,202207,6820,55,0
789,202207,9722,61,0
790,202207,3412,62,0
791,202207,9054,64,1
792,202207,3983,36,0
793,202207,9763,61,1
794,202207,2168,53,0
795,202207,8254,41,0
796,202207,3444,24,0
797,202207,5445,18,0
798,202207,9942,43,1
799,202207,4599,37,1
800,202208,7445,31,0
801,202208,6439,26,1
802,202208,8986,42,0
803,202208,8691,43,0
804,202208,6405,21,1
805,202208,4985,46,1
806,202208,9212,30,1
807,202208,6696,52,0
808,202208,3388,54,1
809,202208,9664,25,0
810,202208,5565,61,1
811,202208,3175,18,1
812,202208,4163,56,0
813,202208,6229,29,1
814,202208,6576,39,1
815,202208,3651,43,1
816,202208,6344,43,0
817,202208,1745,23,1
818,202208,9659,55,0
819,202208,9081,46,1
820,202208,1728,64,0
821,202208,1247,47,1
822,202208,6050,20,0
823,202208,8268,32,0
824,202208,2306,34,0
825,202208,8223,25,1
826,202208,1550,40,0
827,202208,6787,60,0
828,202208,2715,27,0
829,202208,6933,28,1
830,202208,3922,50,0
831,202208,6437,51,1
832,202208,5916,49,1
833,202208,1122,50,0
834,202208,8921,54,1
835,202208,3229,31,1
836,202208,3523,58,1
837,202208,8270,63,1
838,202208,2989,45,1
839,202208,7459,33,1
840,202208,9233,29,0
841,202208,2476,55,1
842,202208,7571,44,0
843,202208,2366,50,0
844,202208,4266,49,1
845,202208,7777,44,0
846,202208,4687,51,0
847,202208,4207,20,1
848,202208,9586,42,1
849,202208,5289,31,0
850,202208,4875,57,0
851,202208,5391,32,0
852,202208,7594,30,1
853,202208,4594,33,0
854,202208,9622,63,0
855,202208,1259,60,0
856,202208,6690,49,1
857,202208,3630,21,0
858,202208,8109,20,1
859,202208,7701,30,0
860,202208,1676,28,0
861,202208,6570,39,1
862,202208,9302,25,1
863,202208,9152,36,1
864,202208,5210,44,0
865,202208,7291,23,1
866,202208,2759,54,0
867,202208,2712,57,0
868,202208,3433,41,0
869,202208,4374,64,1
870,202208,1814,58,0
871,202208,7534,48,1
872,202208,6428,42,1
873,202208,9899,60,0
874,202208,9205,54,0
875,202208,3396,24,0
876,202208,4882,55,1
877,202208,9333,61,0
878,202208,2301,28,0
879,202208,4887,30,1
880,202208,4304,47,1
881,202208,8411,32,0
882,202208,3813,36,1
883,202208,6987,35,1
884,202208,8405,55,0
885,202208,6384,54,1
886,202208,5526,49,1
887,202208,8943,45,0
888,202208,8863,50,1
889,202208,4273,28,1
890,202208,3805,39,0
891,202208,5269,44,1
892,202208,2973,64,0
893,202208,3640,56,1
894,202208,5578,37,0
895,202208,5072,30,1
896,202208,3208,25,1
897,202208,7416,18,0
898,202208,4833,27,1
899,202208,3007,45,1
900,202209,9308,23,1
901,202209,8751,63,1
902,202209,1117,61,1
903,202209,7734,64,1
904,202209,1171,56,0
905,202209,8480,21,0
906,202209,4452,54,0
907,202209,4587,44,0
908,202209,3986,40,0
909,202209,2016,35,0
910,202209,6327,18,0
911,202209,9268,51,1
912,202209,3158,42,0
913,202209,2137,27,0
914,202209,5922,56,1
915,202209,9890,59,1
916,202209,8105,35,1
917,202209,3210,52,0
918,202209,2416,58,0
919,202209,8255,64,1
920,202209,9879,50,0
921,202209,9419,54,1
922,202209,4466,39,1
923,202209,2225,47,1
924,202209,2083,34,1
925,202209,8476,63,1
926,202209,4910,46,1
927,202209,8484,45,0
928,202209,7749,40,0
929,202209,2433,62,0
930,202209,1576,62,0
931,202209,4553,62,1
932,202209,3434,27,1
933,202209,1095,48,1
934,202209,6609,52,1
935,202209,7812,40,1
936,202209,6723,23,1
937,202209,8797,22,0
938,202209,4146,52,0
939,202209,3911,62,1
940,202209,6623,50,0
941,202209,5296,60,1
942,202209,9050,43,0
943,202209,1171,63,1
944,202209,8592,36,0
945,202209,1181,62,0
946,202209,4450,46,1
947,202209,9842,44,0
948,202209,7459,51,0
949,202209,5216,58,1
950,202209,5166,38,0
951,202209,8507,43,0
952,202209,7294,44,1
953,202209,7629,20,1
954,202209,4966,33,0
955,202209,9817,24,1
956,202209,2353,61,1
957,202209,2787,51,0
958,202209,4935,63,1
959,202209,4300,46,1
960,202209,2211,59,0
961,202209,9482,51,0
962,202209,9411,44,0
963,202209,6500,56,0
964,202209,1630,32,0
965,202209,9264,48,0
966,202209,3112,57,1
967,202209,9017,51,0
968,202209,6883,43,0
969,202209,7801,58,0
970,202209,6092,54,0
971,202209,6315,47,1
972,202209,7526,50,0
973,202209,8115,52,1
974,202209,1913,57,0
975,202209,4734,49,1
976,202209,8508,46,1
977,202209,5398,30,0
978,202209,7344,53,1
979,202209,8031,58,0
980,202209,8819,62,1
981,202209,7188,21,0
982,202209,9518,41,0
983,202209,2984,55,1
984,202209,5821,58,1
985,202209,5453,49,0
986,202209,3512,52,1
987,202209,4233,31,1
988,202209,6347,39,0
989,202209,5558,28,1
990,202209,7715,47,0
991,202209,8458,39,0
992,202209,3723,39,0
993,202209,5715,33,0
994,202209,4771,55,1
995,202209,7401,58,1
996,202209,4088,49,0
997,202209,3115,34,1
998,202209,8884,20,1
999,202209,1466,22,0
1000,202210,7238,55,1
1001,202210,4344,34,1
1002,202210,1556,37,0
1003,202210,7524,62,0
1004,202210,6428,49,0
1005,202210,1892,49,1
1006,202210,2122,56,1
1007,202210,4776,21,1
1008,202210,3168,32,0
1009,202210,4330,63,0
1010,202210,7542,30,1
1011,202210,6829,63,0
1012,202210,7714,23,0
1013,202210,9372,18,0
1014,202210,1081,41,1
1015,202210,7655,51,1
1016,202210,6456,34,0
1017,202210,7556,50,1
1018,202210,7187,27,1
1019,202210,8048,29,0
1020,202210,3383,59,0
1021,202210,1094,44,0
1022,202210,3820,41,1
1023,202210,9418,50,0
1024,202210,6216,23,1
1025,202210,8584,36,0
1026,202210,2935,38,1
1027,202210,7072,38,1
1028,202210,2787,42,1
1029,202210,6477,57,1
1030,202210,5112,58,1
1031,202210,2582,26,1
1032,202210,9504,57,0
1033,202210,9087,46,1
1034,202210,2735,55,0
1035,202210,3491,58,0
1036,202210,5060,48,1
1037,202210,5254,24,1
1038,202210,8200,60,0
1039,202210,7023,54,0
1040,202210,3155,37,0
1041,202210,7531,41,1
1042,202210,8890,38,1
1043,202210,1066,53,0
1044,202210,4903,43,0
1045,202210,3140,31,0
1046,202210,9029,27,1
1047,202210,8936,32,1
1048,202210,3031,45,1
1049,202210,8288,46,1
1050,202210,7192,27,1
1051,202210,9931,32,1
1052,202210,8403,26,1
1053,202210,6735,55,0
1054,202210,7839,20,1
1055,202210,2613,33,1
1056,202210,8186,40,1
1057,202210,3601,30,1
1058,202210,1566,24,1
1059,202210,9563,60,0
1060,202210,5006,30,1
1061,202210,8330,31,0
1062,202210,5324,46,1
1063,202210,6137,23,0
1064,202210,6637,48,0
1065,202210,5186,24,0
1066,202210,1863,48,0
1067,202210,7875,22,1
1068,202210,9580,51,1
1069,202210,5280,26,1
1070,202210,9134,34,1
1071,202210,7493,26,1
1072,202210,7218,28,0
1073,202210,4562,56,0
1074,202210,5789,50,0
1075,202210,3129,24,0
1076,202210,2008,62,0
1077,202210,6524,49,0
1078,202210,2628,62,0
1079,202210,3728,35,1
1080,202210,2086,28,1
1081,202210,4135,31,0
1082,202210,1887,23,0
1083,202210,2728,27,1
1084,202210,1723,33,1
1085,202210,4701,37,1
1086,202210,2324,30,1
1087,202210,1886,24,0
1088,202210,3080,29,0
1089,202210,5108,28,1
1090,202210,1471,46,1
1091,202210,3435,40,1
1092,202210,4289,52,1
1093,202210,3740,33,0
1094,202210,6369,40,1
1095,202210,8049,52,0
1096,202210,2867,31,0
1097,202210,4720,52,0
1098,202210,4323,18,0
1099,202210,2906,45,0
1100,202211,7451,28,1
1101,202211,9791,32,1
1102,202211,7840,26,0
1103,202211,6702,59,0
1104,202211,6645,34,0
1105,202211,3941,25,0
1106,202211,1949,33,1
1107,202211,4324,37,1
1108,202211,5360,46,0
1109,202211,4285,55,1
1110,202211,8858,53,1
1111,202211,4325,56,0
1112,202211,4959,28,0
1113,202211,6201,63,1
1114,202211,9151,49,0
1115,202211,9079,39,0
1116,202211,6451,62,0
1117,202211,9611,47,1
1118,202211,5927,60,1
1119,202211,6216,24,0
1120,202211,3850,62,0
1121,202211,6317,20,0
1122,202211,3278,33,1
1123,202211,9080,23,0
1124,202211,4397,36,1
1125,202211,2530,57,1
1126,202211,7952,64,1
1127,202211,9193,60,0
1128,202211,5109,20,0
1129,202211,9627,32,0
1130,202211,7308,45,1
1131,202211,3072,61,1
1132,202211,9006,41,0
1133,202211,4367,43,1
1134,202211,4922,52,0
1135,202211,3670,32,0
1136,202211,4701,23,0
1137,202211,6197,18,1
1138,202211,8166,19,0
1139,202211,3966,18,1
1140,202211,5767,30,0
1141,202211,9035,58,0
1142,202211,8685,38,1
1143,202211,5865,19,0
1144,202211,9571,48,0
1145,202211,8220,55,1
1146,202211,9988,25,1
1147,202211,8780,33,0
1148,202211,7329,53,1
1149,202211,4461,42,1
1150,202211,1502,28,1
1151,202211,1304,59,0
1152,202211,5631,38,1
1153,202211,1223,40,1
1154,202211,1180,57,0
1155,202211,3216,60,0
1156,202211,8526,37,0
1157,202211,1340,25,1
1158,202211,3723,63,1
1159,202211,5112,45,0
1160,202211,7120,22,1
1161,202211,9210,62,1
1162,202211,1164,45,1
1163,202211,5383,64,1
1164,202211,4948,63,0
1165,202211,2316,27,1
1166,202211,9735,53,0
1167,202211,2842,49,0
1168,202211,6856,64,1
1169,202211,9681,40,0
1170,202211,7830,57,0
1171,202211,3472,26,0
1172,202211,3456,41,0
1173,202211,6731,45,0
1174,202211,3955,34,1
1175,202211,3817,27,1
1176,202211,6449,46,1
1177,202211,5909,36,1
1178,202211,7322,59,0
1179,202211,8729,37,0
1180,202211,4786,47,0
1181,202211,9572,50,0
1182,202211,6401,47,1
1183,202211,4759,57,1
1184,202211,4677,41,0
1185,202211,7675,26,0
1186,202211,4673,60,1
1187,202211,3136,42,1
1188,202211,1401,22,1
1189,202211,5996,60,0
1190,202211,1378,48,0
1191,202211,3843,63,0
1192,202211,9888,40,0
1193,202211,7234,34,0
1194,202211,4934,39,1
1195,202211,3254,41,1
1196,202211,5761,29,0
1197,202211,6312,24,1
1198,202211,7112,33,1
1199,202211,4777,53,1
1200,202212,7955,51,0
1201,202212,8912,39,1
1202,202212,6985,57,1
1203,202212,1342,39,0
1204,202212,5351,48,1
1205,202212,7051,47,0
1206,202212,1908,40,0
1207,202212,2606,24,1
1208,202212,1931,36,0
1209,202212,4404,33,0
1210,202212,3031,29,1
1211,202212,5971,51,1
1212,202212,4034,61,0
1213,202212,5259,21,0
1214,202212,4554,19,0
1215,202212,7127,19,1
1216,202212,6814,24,0
1217,202212,4233,44,1
1218,202212,7533,60,0
1219,202212,4764,59,1
1220,202212,1469,41,0
1221,202212,2589,38,1
1222,202212,2835,19,1
1223,202212,3516,23,1
1224,202212,3232,47,1
1225,202212,5939,20,1
1226,202212,8819,59,1
1227,202212,5401,47,0
1228,202212,3611,41,1
1229,202212,6193,56,1
1230,202212,9467,22,1
1231,202212,5973,48,1
1232,202212,9669,23,1
1233,202212,2196,29,1
1234,202212,6694,18,1
1235,202212,3769,18,0
1236,202212,5741,45,1
1237,202212,5364,63,0
1238,202212,4266,37,1
1239,202212,1049,38,0
1240,202212,8212,53,0
1241,202212,1979,43,1
1242,202212,1763,41,0
1243,202212,3763,26,0
1244,202212,1579,43,1
1245,202212,3325,36,0
1246,202212,6433,35,0
1247,202212,5400,46,0
1248,202212,7176,64,0
1249,202212,7255,40,0
1250,202212,1131,44,0
1251,202212,3201,43,1
1252,202212,3448,31,0
1253,202212,6538,43,0
1254,202212,4333,20,0
1255,202212,5147,52,1
1256,202212,3281,61,0
1257,202212,4658,42,0
1258,202212,1818,54,1
1259,202212,7023,35,1
1260,202212,9923,50,1
1261,202212,1084,38,0
1262,202212,1050,54,0
1263,202212,1699,58,0
1264,202212,2744,20,0
1265,202212,7716,29,1
1266,202212,8381,28,0
1267,202212,4656,46,1
1268,202212,5609,59,0
1269,202212,4995,48,0
1270,202212,6205,34,0
1271,202212,5756,41,0
1272,202212,6624,26,1
1273,202212,7592,19,0
1274,202212,9805,29,0
1275,202212,5934,32,0
1276,202212,4168,21,1
1277,202212,4315,24,1
1278,202212,9842,59,1
1279,202212,2645,36,1
1280,202212,6239,46,1
1281,202212,3948,58,1
1282,202212,9695,48,1
1283,202212,5554,25,1
1284,202212,3530,25,0
1285,202212,3805,21,0
1286,202212,4145,47,1
1287,202212,8569,53,0
1288,202212,8999,39,0
1289,202212,4297,31,1
1290,202212,9680,28,1
1291,202212,5543,28,0
1292,202212,7549,53,1
1293,202212,1483,45,1
1294,202212,3404,20,1
1295,202212,7788,55,0
1296,202212,6897,41,1
1297,202212,8538,23,1
1298,202212,5538,23,1
1299,202212,8815,20,1
1300,202301,3048,35,0
1301,202301,6339,22,1
1302,202301,9307,63,0
1303,202301,8073,29,0
1304,202301,3396,53,1
1305,202301,5630,63,0
1306,202301,7441,35,1
1307,202301,3310,51,0
1308,202301,4479,62,0
1309,202301,4330,29,1
1310,202301,6043,36,1
1311,202301,3132,26,0
1312,202301,1133,39,1
1313,202301,5524,51,0
1314,202301,7968,35,1
1315,202301,7376,24,0
1316,202301,2715,59,1
1317,202301,7599,27,0
1318,202301,4241,61,1
1319,202301,1472,44,1
1320,202301,7438,54,1
1321,202301,6949,37,0
1322,202301,4547,50,0
1323,202301,8028,26,1
1324,202301,6218,60,1
1325,202301,3530,30,0
1326,202301,1725,25,0
1327,202301,4347,46,0
1328,202301,7662,27,1
1329,202301,5776,56,0
1330,202301,7145,61,1
1331,202301,7066,37,0
1332,202301,3673,39,0
1333,202301,7331,34,1
1334,202301,2355,42,1
1335,202301,5755,45,1
1336,202301,1261,25,1
1337,202301,4865,56,0
1338,202301,6026,43,0
1339,202301,3741,43,1
1340,202301,1644,62,1
1341,202301,4240,28,0
1342,202301,3483,23,1
1343,202301,1762,53,1
1344,202301,1160,29,0
1345,202301,7577,33,0
1346,202301,7430,64,1
1347,202301,5018,38,1
1348,202301,9617,31,1
1349,202301,9313,51,1
1350,202301,1847,25,0
1351,202301,6491,51,0
1352,202301,5236,54,1
1353,202301,5323,60,0
1354,202301,9910,53,0
1355,202301,2943,52,0
1356,202301,2760,41,1
1357,202301,4951,41,1
1358,202301,1220,38,1
1359,202301,2628,41,0
1360,202301,4391,62,1
1361,202301,7039,43,0
1362,202301,5634,47,1
1363,202301,1529,43,0
1364,202301,6407,36,0
1365,202301,1427,62,1
1366,202301,2907,64,1
1367,202301,6500,19,0
1368,202301,7867,18,0
1369,202301,7013,23,1
1370,202301,9091,46,1
1371,202301,5080,50,1
1372,202301,6826,51,0
1373,202301,6437,58,0
1374,202301,1154,35,1
1375,202301,2988,44,0
1376,202301,4095,64,0
1377,202301,5216,23,0
1378,202301,9000,63,0
1379,202301,5389,45,1
1380,202301,9720,30,0
1381,202301,6403,45,0
1382,202301,2272,28,1
1383,202301,2873,49,1
1384,202301,1377,25,1
1385,202301,8542,40,0
1386,202301,1227,26,0
1387,202301,9934,61,1
1388,202301,5621,55,1
1389,202301,1448,30,1
1390,202301,2160,61,0
1391,202301,3162,60,1
1392,202301,5565,41,1
1393,202301,5877,29,0
1394,202301,4259,32,1
1395,202301,9124,50,0
1396,202301,5313,32,0
1397,202301,1470,26,1
1398,202301,5472,36,1
1399,202301,1398,56,1
1400,202302,2753,62,1
1401,202302,1361,38,0
1402,202302,9602,27,1
1403,202302,2602,49,1
1404,202302,6741,63,1
1405,202302,3638,22,0
1406,202302,3943,43,1
1407,202302,1158,49,1
1408,202302,8879,49,0
1409,202302,9802,21,0
1410,202302,8744,29,1
1411,202302,8020,47,1
1412,202302,5882,32,0
1413,202302,5536,31,1
1414,202302,8025,40,1
1415,202302,3598,37,1
1416,202302,4577,37,1
1417,202302,6859,45,1
1418,202302,9352,38,1
1419,202302,3909,34,1
1420,202302,8412,50,0
1421,202302,6983,29,0
1422,202302,3442,45,1
1423,202302,9601,30,1
1424,202302,2452,56,0
1425,202302,3837,62,0
1426,202302,2075,56,1
1427,202302,9826,57,0
1428,202302,3720,44,1
1429,202302,8349,43,1
1430,202302,7334,58,0
1431,202302,8736,26,1
1432,202302,2161,37,1
1433,202302,1811,33,1
1434,202302,8046,22,0
1435,202302,2659,54,1
1436,202302,6816,56,1
1437,202302,4729,53,1
1438,202302,5816,31,1
1439,202302,3937,61,0
1440,202302,7281,64,1
1441,202302,6230,56,0
1442,202302,9016,44,0
1443,202302,8215,49,1
1444,202302,5811,20,1
1445,202302,1259,48,1
1446,202302,1243,18,1
1447,202302,4331,28,0
1448,202302,3324,33,0
1449,202302,4350,60,0
1450,202302,3638,62,0
1451,202302,8073,38,0
1452,202302,5011,29,0
1453,202302,1100,40,0
1454,202302,8416,54,0
1455,202302,5746,58,0
1456,202302,9938,42,0
1457,202302,8459,21,0
1458,202302,9685,36,1
1459,202302,5394,47,0
1460,202302,9168,40,1
1461,202302,3465,51,1
1462,202302,3765,31,0
1463,202302,9228,52,1
1464,202302,7207,43,1
1465,202302,4639,47,0
1466,202302,5203,52,1
1467,202302,9603,59,1
1468,202302,5163,56,0
1469,202302,1612,33,1
1470,202302,3110,60,0
1471,202302,6130,28,0
1472,202302,3058,25,0
1473,202302,1630,35,0
1474,202302,3877,25,0
1475,202302,9262,21,1
1476,202302,2882,26,0
1477,202302,6233,53,0
1478,202302,4650,27,0
1479,202302,7103,57,1
1480,202302,4416,32,0
1481,202302,1119,53,0
1482,202302,7397,22,1
1483,202302,9496,42,1
1484,202302,6754,29,1
1485,202302,9712,32,1
1486,202302,1499,53,1
1487,202302,4652,51,1
1488,202302,4379,36,1
1489,202302,7732,40,0
1490,202302,9950,35,1
1491,202302,7555,20,0
1492,202302,6054,39,0
1493,202302,7176,36,0
1494,202302,4562,58,1
1495,202302,6262,46,0
1496,202302,7983,26,1
1497,202302,1003,36,1
1498,202302,7595,52,1
1499,202302,4228,21,0
1500,202303,6830,29,0
1501,202303,2413,44,0
1502,202303,4888,48,1
1503,202303,9804,26,1
1504,202303,3885,50,1
1505,202303,2031,46,0
1506,202303,9579,58,1
1507,202303,5737,29,1
1508,202303,2722,61,0
1509,202303,9276,47,0
1510,202303,1336,37,1
1511,202303,8514,62,0
1512,202303,5236,63,0
1513,202303,1001,62,0
1514,202303,2349,43,0
1515,202303,7145,38,0
1516,202303,7063,23,0
1517,202303,6536,38,1
1518,202303,7436,48,0
1519,202303,3939,30,0
1520,202303,7691,22,0
1521,202303,3797,28,0
1522,202303,1232,61,0
1523,202303,4103,19,0
1524,202303,5068,26,0
1525,202303,6926,46,1
1526,202303,5604,45,1
1527,202303,4652,45,1
1528,202303,2474,45,1
1529,202303,2774,52,0
1530,202303,1996,20,1
1531,202303,3088,55,1
1532,202303,7454,39,0
1533,202303,9315,49,0
1534,202303,8815,30,0
1535,202303,5328,42,0
1536,202303,9921,23,0
1537,202303,2399,61,0
1538,202303,4064,32,0
1539,202303,8272,53,0
1540,202303,7818,35,1
1541,202303,5365,46,1
1542,202303,8382,25,0
1543,202303,3044,26,1
1544,202303,2558,27,1
1545,202303,3409,38,0
1546,202303,8278,47,1
1547,202303,2798,29,0
1548,202303,1383,32,1
1549,202303,7742,20,0
1550,202303,7969,47,0
1551,202303,1436,34,1
1552,202303,7703,40,1
1553,202303,7486,36,1
1554,202303,2878,52,1
1555,202303,5321,35,1
1556,202303,1015,34,0
1557,202303,8204,52,0
1558,202303,9983,63,0
1559,202303,2962,38,1
1560,202303,6142,47,0
1561,202303,6929,28,0
1562,202303,2609,39,1
1563,202303,8984,42,0
1564,202303,5539,59,0
1565,202303,6015,38,0
1566,202303,7385,31,0
1567,202303,4692,24,1
1568,202303,1329,62,1
1569,202303,9822,28,1
1570,202303,3471,43,1
1571,202303,1257,46,1
1572,202303,6037,57,0
1573,202303,5006,22,1
1574,202303,4044,46,0
1575,202303,6344,49,1
1576,202303,9052,30,1
1577,202303,9094,60,0
1578,202303,6156,41,1
1579,202303,8856,44,1
1580,202303,1524,56,1
1581,202303,7223,43,0
1582,202303,2411,53,1
1583,202303,7928,24,0
1584,202303,3408,44,1
1585,202303,6407,50,0
1586,202303,8434,32,0
1587,202303,9476,56,0
1588,202303,3643,41,0
1589,202303,3535,63,1
1590,202303,6860,48,1
1591,202303,2823,29,1
1592,202303,7832,27,0
1593,202303,4372,31,0
1594,202303,5066,57,1
1595,202303,2920,24,1
1596,202303,2794,30,0
1597,202303,7296,39,1
1598,202303,1126,38,1
1599,202303,2032,24,1
1600,202304,1471,22,1
1601,202304,1602,39,1
1602,202304,1879,29,0
1603,202304,7799,49,0
1604,202304,2737,27,0
1605,202304,1733,49,0
1606,202304,6401,40,0
1607,202304,6460,39,0
1608,202304,5723,61,0
1609,202304,2254,41,1
1610,202304,9051,52,0
1611,202304,8649,58,1
1612,202304,6744,32,0
1613,202304,6159,46,1
1614,202304,2369,42,0
1615,202304,9264,24,0
1616,202304,9426,34,1
1617,202304,1787,59,1
1618,202304,6930,41,0
1619,202304,6510,51,1
1620,202304,5877,52,1
1621,202304,4771,55,1
1622,202304,8916,57,0
1623,202304,5656,60,0
1624,202304,8454,39,1
1625,202304,9091,35,0
1626,202304,3407,52,1
1627,202304,5788,57,1
1628,202304,8839,46,0
1629,202304,9849,35,0
1630,202304,4977,54,0
1631,202304,4002,41,0
1632,202304,9546,24,1
1633,202304,7961,34,0
1634,202304,7679,30,1
1635,202304,2419,24,0
1636,202304,2057,61,0
1637,202304,7772,55,0
1638,202304,1150,48,0
1639,202304,7939,26,0
1640,202304,3264,43,0
1641,202304,1261,37,0
1642,202304,2085,19,1
1643,202304,2486,24,1
1644,202304,8514,24,1
1645,202304,9614,42,0
1646,202304,7122,28,0
1647,202304,9351,55,0
1648,202304,8885,35,0
1649,202304,1365,63,1
1650,202304,5929,63,1
1651,202304,7622,26,0
1652,202304,8206,38,1
1653,202304,8056,48,1
1654,202304,9524,40,0
1655,202304,7424,42,1
1656,202304,5554,30,0
1657,202304,8803,33,1
1658,202304,4452,42,1
1659,202304,9822,23,1
1660,202304,5799,44,0
1661,202304,6404,20,1
1662,202304,6574,27,1
1663,202304,4852,33,0
1664,202304,6086,26,0
1665,202304,2475,47,0
1666,202304,7791,20,1
1667,202304,3898,63,1
1668,202304,7918,33,0
1669,202304,3681,29,1
1670,202304,3090,30,0
1671,202304,6283,58,0
1672,202304,3897,22,1
1673,202304,7152,54,0
1674,202304,5276,31,1
1675,202304,7702,18,0
1676,202304,3272,51,1
1677,202304,1128,61,1
1678,202304,2405,35,1
1679,202304,7607,21,1
1680,202304,4992,55,1
1681,202304,9617,60,1
1682,202304,8879,51,0
1683,202304,1718,46,1
1684,202304,1348,58,0
1685,202304,6116,49,1
1686,202304,9020,52,1
1687,202304,1709,46,0
1688,202304,1563,52,0
1689,202304,5727,64,1
1690,202304,4265,50,1
1691,202304,7390,45,1
1692,202304,5219,32,1
1693,202304,1034,18,1
1694,202304,3549,57,0
1695,202304,7882,41,1
1696,202304,8912,39,1
1697,202304,8899,58,1
1698,202304,7856,56,0
1699,202304,2494,54,1
1700,202305,9079,44,1
1701,202305,7802,45,1
1702,202305,1660,53,1
1703,202305,2187,36,0
1704,202305,9454,49,1
1705,202305,3114,54,1
1706,202305,3327,53,0
1707,202305,1019,26,0
1708,202305,3222,39,0
1709,202305,5210,51,1
1710,202305,6336,55,1
1711,202305,2419,18,0
1712,202305,7675,53,1
1713,202305,7083,38,0
1714,202305,7594,49,1
1715,202305,1842,61,1
1716,202305,9574,59,0
1717,202305,4288,30,0
1718,202305,8077,29,1
1719,202305,8317,51,1
1720,202305,3381,29,0
1721,202305,3858,48,0
1722,202305,6665,52,1
1723,202305,3834,50,0
1724,202305,6675,60,0
1725,202305,3324,21,1
1726,202305,5739,21,0
1727,202305,8279,21,0
1728,202305,9441,31,1
1729,202305,4667,52,0
1730,202305,9622,18,0
1731,202305,7192,23,0
1732,202305,8466,36,0
1733,202305,2589,25,0
1734,202305,2830,53,0
1735,202305,5543,34,0
1736,202305,2989,61,0
1737,202305,6373,64,1
1738,202305,3970,46,1
1739,202305,3995,22,0
1740,202305,1689,24,1
1741,202305,8621,47,0
1742,202305,1841,26,1
1743,202305,3241,23,1
1744,202305,4501,50,1
1745,202305,5752,38,0
1746,202305,3112,40,0
1747,202305,3515,35,1
1748,202305,4616,26,0
1749,202305,3471,26,1
1750,202305,9423,25,0
1751,202305,5712,60,0
1752,202305,7861,18,1
1753,202305,4803,18,1
1754,202305,9112,25,1
1755,202305,5473,27,0
1756,202305,8012,54,0
1757,202305,2387,22,1
1758,202305,6724,50,1
1759,202305,5681,40,1
1760,202305,4317,33,1
1761,202305,1780,28,0
1762,202305,1595,54,0
1763,202305,3784,19,0
1764,202305,3308,41,0
1765,202305,1798,45,0
1766,202305,1653,31,1
1767,202305,9253,28,0
1768,202305,8588,31,0
1769,202305,9370,26,0
1770,202305,9853,31,1
1771,202305,2921,37,0
1772,202305,1501,22,1
1773,202305,9655,51,1
1774,202305,2539,51,0
1775,202305,8164,59,1
1776,202305,8181,18,0
1777,202305,9315,32,0
1778,202305,6977,52,0
1779,202305,2020,39,0
1780,202305,2083,46,0
1781,202305,5937,34,1
1782,202305,6009,30,1
1783,202305,3464,42,1
1784,202305,9467,60,1
1785,202305,3469,42,1
1786,202305,6030,40,1
1787,202305,5284,62,0
1788,202305,1042,22,1
1789,202305,6440,27,0
1790,202305,5504,29,0
1791,202305,3753,54,0
1792,202305,7864,56,0
1793,202305,1136,54,0
1794,202305,5419,63,0
1795,202305,7886,19,1
1796,202305,4750,50,1
1797,202305,8985,53,1
1798,202305,5605,34,0
1799,202305,3301,62,0
1800,202306,8023,57,0
1801,202306,7892,35,1
1802,202306,6807,29,0
1803,202306,3985,46,0
1804,202306,6125,61,1
1805,202306,7206,22,0
1806,202306,5511,53,0
1807,202306,8923,35,1
1808,202306,3126,38,0
1809,202306,2053,26,0
1810,202306,7993,39,1
1811,202306,6263,52,1
1812,202306,6812,55,0
1813,202306,9107,19,0
1814,202306,4140,41,0
1815,202306,6916,55,1
1816,202306,5671,64,1
1817,202306,7592,26,0
1818,202306,6492,64,1
1819,202306,7144,35,1
1820,202306,9810,22,1
1821,202306,1974,28,0
1822,202306,7983,34,0
1823,202306,1148,41,1
1824,202306,3065,34,1
1825,202306,6113,40,0
1826,202306,6963,45,0
1827,202306,5420,42,0
1828,202306,1587,36,1
1829,202306,2840,19,0
1830,202306,9635,26,0
1831,202306,5911,44,1
1832,202306,4866,40,1
1833,202306,1426,53,0
1834,202306,2101,40,1
1835,202306,2435,60,0
1836,202306,8538,53,0
1837,202306,6496,28,0
1838,202306,7963,34,0
1839,202306,2714,21,0
1840,202306,4578,41,0
1841,202306,9824,31,1
1842,202306,4483,38,1
1843,202306,6610,60,1
1844,202306,5021,61,0
1845,202306,2139,60,1
1846,202306,1517,49,1
1847,202306,4408,28,0
1848,202306,1408,49,0
1849,202306,4079,47,0
1850,202306,9431,42,0
1851,202306,3018,21,1
1852,202306,6217,58,0
1853,202306,6070,22,1
1854,202306,2796,57,0
1855,202306,8155,41,0
1856,202306,1310,23,0
1857,202306,1774,50,0
1858,202306,8987,21,1
1859,202306,7089,55,0
1860,202306,6951,51,1
1861,202306,4046,64,1
1862,202306,3271,42,1
1863,202306,3585,52,1
1864,202306,9864,39,0
1865,202306,4024,21,0
1866,202306,7395,28,1
1867,202306,7338,31,1
1868,202306,1386,47,1
1869,202306,2023,42,1
1870,202306,4694,25,0
1871,202306,5271,25,1
1872,202306,9389,41,0
1873,202306,9112,22,0
1874,202306,7453,43,1
1875,202306,2006,33,1
1876,202306,3101,30,1
1877,202306,8124,40,1
1878,202306,4333,45,1
1879,202306,2907,30,1
1880,202306,5978,54,0
1881,202306,2588,39,0
1882,202306,5280,58,0
1883,202306,9734,42,1
1884,202306,4377,61,0
1885,202306,6656,58,0
1886,202306,3852,21,0
1887,202306,5142,45,1
1888,202306,7471,30,0
1889,202306,4147,57,1
1890,202306,4484,39,0
1891,202306,8609,57,1
1892,202306,5658,34,1
1893,202306,3548,50,0
1894,202306,6477,35,0
1895,202306,2362,34,1
1896,202306,4670,19,0
1897,202306,1522,51,1
1898,202306,8854,26,1
1899,202306,1917,46,0
1900,202307,4867,29,1
1901,202307,3639,43,1
1902,202307,8025,43,1
1903,202307,4462,63,0
1904,202307,9883,35,1
1905,202307,8729,35,1
1906,202307,4357,21,1
1907,202307,3927,29,0
1908,202307,5902,34,1
1909,202307,6452,19,1
1910,202307,1101,50,0
1911,202307,7969,55,0
1912,202307,2142,45,1
1913,202307,7013,19,0
1914,202307,1783,30,0
1915,202307,4376,51,1
1916,202307,6442,45,1
1917,202307,2681,63,1
1918,202307,5790,52,1
1919,202307,2512,18,1
1920,202307,7805,57,0
1921,202307,8533,35,1
1922,202307,3859,25,1
1923,202307,2876,18,0
1924,202307,6909,32,1
1925,202307,7256,50,1
1926,202307,9767,19,1
1927,202307,8572,59,0
1928,202307,7688,56,1
1929,202307,8047,41,1
1930,202307,5773,63,1
1931,202307,6012,35,1
1932,202307,6286,29,0
1933,202307,2943,45,0
1934,202307,3508,20,0
1935,202307,9370,63,1
1936,202307,9841,49,0
1937,202307,2144,33,1
1938,202307,5558,47,1
1939,202307,3964,22,0
1940,202307,1743,27,1
1941,202307,9665,64,0
1942,202307,2338,31,1
1943,202307,4768,59,1
1944,202307,7576,63,0
1945,202307,4200,47,0
1946,202307,8545,52,1
1947,202307,5143,25,0
1948,202307,9263,32,0
1949,202307,3225,63,1
1950,202307,8962,59,1
1951,202307,8831,37,1
1952,202307,9625,40,0
1953,202307,4459,23,0
1954,202307,7589,41,1
1955,202307,4501,49,1
1956,202307,1881,58,0
1957,202307,5450,22,0
1958,202307,3167,27,1
1959,202307,6627,52,1
1960,202307,9967,61,0
1961,202307,2099,23,1
1962,202307,1750,48,1
1963,202307,4161,26,0
1964,202307,4337,39,1
1965,202307,8800,64,1
1966,202307,3542,48,1
1967,202307,3773,38,1
1968,202307,2144,57,0
1969,202307,3252,23,1
1970,202307,4734,54,0
1971,202307,2345,20,1
1972,202307,2083,59,1
1973,202307,3952,32,0
1974,202307,9436,60,1
1975,202307,2446,59,1
1976,202307,3533,64,1
1977,202307,8057,37,0
1978,202307,9927,26,1
1979,202307,1893,22,0
1980,202307,2063,44,1
1981,202307,7157,26,0
1982,202307,1026,33,0
1983,202307,4706,62,0
1984,202307,8006,42,0
1985,202307,9383,51,0
1986,202307,7312,50,1
1987,202307,7947,39,1
1988,202307,8026,33,0
1989,202307,7806,58,0
1990,202307,7910,50,0
1991,202307,8998,37,1
1992,202307,3698,45,0
1993,202307,7453,18,1
1994,202307,1365,30,0
1995,202307,5033,45,1
1996,202307,2286,48,1
1997,202307,6685,43,1
1998,202307,4196,27,0
1999,202307,3778,54,1
2000,202308,5776,26,0
2001,202308,3555,51,0
2002,202308,3867,39,1
2003,202308,4015,26,0
2004,202308,5665,62,1
2005,202308,4844,25,0
2006,202308,5197,31,0
2007,202308,9674,31,0
2008,202308,1866,53,0
2009,202308,5963,62,1
2010,202308,4574,44,1
2011,202308,8732,48,0
2012,202308,9322,31,0
2013,202308,7058,20,1
2014,202308,6760,30,0
2015,202308,6845,27,0
2016,202308,7823,55,1
2017,202308,2881,61,1
2018,202308,1218,23,0
2019,202308,3276,20,0
2020,202308,9424,62,1
2021,202308,9730,56,1
2022,202308,1913,64,0
2023,202308,9499,38,0
2024,202308,3973,61,1
2025,202308,3089,52,1
2026,202308,6705,34,0
2027,202308,7722,23,1
2028,202308,3773,33,1
2029,202308,6268,54,1
2030,202308,4528,33,1
2031,202308,7880,22,0
2032,202308,6892,26,0
2033,202308,6956,41,0
2034,202308,9765,36,0
2035,202308,3828,27,0
2036,202308,7547,20,0
2037,202308,5974,48,0
2038,202308,7869,53,0
2039,202308,2697,32,0
2040,202308,2487,31,0
2041,202308,7941,52,1
2042,202308,9392,34,1
2043,202308,3035,59,1
2044,202308,6303,59,0
2045,202308,2273,35,0
2046,202308,6475,56,0
2047,202308,6331,49,1
2048,202308,5677,51,1
2049,202308,7169,33,1
2050,202308,5257,18,0
2051,202308,8689,31,1
2052,202308,6332,30,0
2053,202308,1858,46,0
2054,202308,4759,30,1
2055,202308,8658,36,0
2056,202308,3209,42,0
2057,202308,4157,26,0
2058,202308,6588,23,0
2059,202308,5097,37,0
2060,202308,9286,29,1
2061,202308,6836,56,1
2062,202308,2845,48,1
2063,202308,8213,61,0
2064,202308,1437,28,1
2065,202308,8846,48,0
2066,202308,3741,19,1
2067,202308,2625,47,0
2068,202308,2008,56,0
2069,202308,8331,57,1
2070,202308,9946,27,1
2071,202308,7446,44,1
2072,202308,9657,29,1
2073,202308,9865,52,0
2074,202308,6040,57,1
2075,202308,7901,59,0
2076,202308,9702,19,0
2077,202308,4737,24,1
2078,202308,1287,52,0
2079,202308,9427,47,0
2080,202308,8797,37,1
2081,202308,7644,19,0
2082,202308,1837,29,1
2083,202308,4680,55,1
2084,202308,3708,44,0
2085,202308,2524,30,1
2086,202308,9385,30,1
2087,202308,1312,45,0
2088,202308,8685,22,0
2089,202308,3606,60,0
2090,202308,9465,54,1
2091,202308,9591,25,0
2092,202308,6619,30,1
2093,202308,5218,49,1
2094,202308,3977,41,0
2095,202308,3124,54,0
2096,202308,8628,64,0
2097,202308,3010,26,0
2098,202308,2059,20,1
2099,202308,6699,28,0
2100,202309,7642,47,1
2101,202309,9562,56,1
2102,202309,2251,63,1
2103,202309,8710,51,1
2104,202309,7809,23,0
2105,202309,7778,55,1
2106,202309,5446,46,1
2107,202309,1935,25,1
2108,202309,3791,48,1
2109,202309,9875,26,0
2110,202309,6661,37,1
2111,202309,6771,42,1
2112,202309,2870,31,0
2113,202309,1845,51,1
2114,202309,3758,22,0
2115,202309,9658,31,1
2116,202309,1657,57,0
2117,202309,5466,47,0
2118,202309,3477,47,1
2119,202309,6694,32,1
2120,202309,9753,64,0
2121,202309,6422,61,1
2122,202309,8127,48,1
2123,202309,6032,36,0
2124,202309,8288,49,0
2125,202309,6787,57,0
2126,202309,9873,50,0
2127,202309,7081,60,0
2128,202309,4673,31,0
2129,202309,4293,23,1
2130,202309,7863,33,0
2131,202309,6955,54,1
2132,202309,7338,62,1
2133,202309,9691,46,0
2134,202309,2395,21,1
2135,202309,8131,56,0
2136,202309,5937,34,1
2137,202309,7653,41,1
2138,202309,6851,64,0
2139,202309,6187,26,1
2140,202309,1574,26,1
2141,202309,5929,40,0
2142,202309,7972,62,1
2143,202309,1009,21,0
2144,202309,2832,34,1
2145,202309,2434,40,1
2146,202309,3692,49,1
2147,202309,5824,30,0
2148,202309,5058,55,1
2149,202309,6240,62,1
2150,202309,2731,59,1
2151,202309,4820,51,1
2152,202309,6909,54,0
2153,202309,7652,59,1
2154,202309,1076,54,1
2155,202309,7339,27,1
2156,202309,5054,46,1
2157,202309,8283,32,0
2158,202309,1179,25,1
2159,202309,3895,64,1
2160,202309,3117,63,1
2161,202309,7297,45,1
2162,202309,8572,60,1
2163,202309,7780,23,1
2164,202309,2713,30,0
2165,202309,8165,46,0
2166,202309,6589,49,0
2167,202309,7996,32,1
2168,202309,5469,20,0
2169,202309,4257,18,1
2170,202309,2485,23,0
2171,202309,4643,38,1
2172,202309,6247,32,1
2173,202309,2529,52,0
2174,202309,1390,37,0
2175,202309,8768,30,0
2176,202309,3464,24,1
2177,202309,7847,60,1
2178,202309,6204,48,0
2179,202309,7157,29,1
2180,202309,8592,40,1
2181,202309,2482,48,1
2182,202309,1238,57,0
2183,202309,1833,19,1
2184,202309,9316,18,1
2185,202309,3942,48,0
2186,202309,9895,52,1
2187,202309,5318,18,0
2188,202309,1676,34,1
2189,202309,1600,55,1
2190,202309,2427,47,1
2191,202309,3779,37,1
2192,202309,4993,64,1
2193,202309,1619,24,1
2194,202309,5611,20,1
2195,202309,1251,26,1
2196,202309,9071,49,0
2197,202309,5025,19,1
2198,202309,3471,61,1
2199,202309,8454,40,0
2200,202310,4033,58,0
2201,202310,8405,62,1
2202,202310,1506,40,0
2203,202310,5913,47,0
2204,202310,9101,53,0
2205,202310,8448,24,1
2206,202310,1397,30,1
2207,202310,4522,62,1
2208,202310,7669,37,0
2209,202310,1946,19,0
2210,202310,4481,55,1
2211,202310,8410,35,0
2212,202310,3262,55,1
2213,202310,7284,50,0
2214,202310,3978,28,1
2215,202310,6467,43,1
2216,202310,9424,55,0
2217,202310,7522,39,0
2218,202310,1905,44,1
2219,202310,7570,42,1
2220,202310,4587,47,1
2221,202310,7744,19,1
2222,202310,2307,27,1
2223,202310,8474,57,0
2224,202310,3141,48,1
2225,202310,2628,40,1
2226,202310,1076,25,1
2227,202310,3278,20,1
2228,202310,1335,44,1
2229,202310,5219,50,1
2230,202310,8910,21,0
2231,202310,4896,38,0
2232,202310,6603,50,0
2233,202310,1454,21,0
2234,202310,3473,40,0
2235,202310,7488,49,0
2236,202310,1844,32,1
2237,202310,9974,36,1
2238,202310,1057,21,0
2239,202310,4000,30,0
2240,202310,2715,54,0
2241,202310,7668,49,0
2242,202310,7773,30,1
2243,202310,1706,38,0
2244,202310,7099,64,1
2245,202310,7188,32,0
2246,202310,8420,24,0
2247,202310,8655,44,0
2248,202310,6478,59,1
2249,202310,8858,43,1
2250,202310,4684,41,0
2251,202310,7162,28,0
2252,202310,9343,60,1
2253,202310,3916,25,1
2254,202310,3453,20,1
2255,202310,4939,64,1
2256,202310,1609,63,0
2257,202310,4012,23,0
2258,202310,8014,33,0
2259,202310,7205,28,1
2260,202310,2843,18,0
2261,202310,9899,24,0
2262,202310,9528,29,0
2263,202310,4862,56,1
2264,202310,5065,26,1
2265,202310,6000,33,0
2266,202310,3573,21,1
2267,202310,7680,35,0
2268,202310,9399,41,1
2269,202310,9983,60,1
2270,202310,4222,58,1
2271,202310,3770,47,1
2272,202310,4336,20,1
2273,202310,6673,34,0
2274,202310,3568,37,0
2275,202310,9847,44,1
2276,202310,2053,30,1
2277,202310,1716,60,0
2278,202310,1298,34,0
2279,202310,1394,58,1
2280,202310,3261,32,1
2281,202310,8824,22,0
2282,202310,7981,45,0
2283,202310,6246,35,0
2284,202310,3411,56,1
2285,202310,8042,53,0
2286,202310,8324,59,0
2287,202310,4575,37,1
2288,202310,1935,43,1
2289,202310,2378,33,1
2290,202310,8029,34,0
2291,202310,1619,18,0
2292,202310,6357,62,1
2293,202310,2787,42,1
2294,202310,9242,41,1
2295,202310,3969,35,1
2296,202310,4737,50,1
2297,202310,8346,28,1
2298,202310,9283,21,0
2299,202310,5982,20,0
2300,202311,9520,32,0
2301,202311,8095,43,1
2302,202311,2860,55,1
2303,202311,4710,54,0
2304,202311,1134,41,0
2305,202311,6790,37,1
2306,202311,6132,49,0
2307,202311,3927,20,1
2308,202311,8791,42,0
2309,202311,1746,57,1
2310,202311,3806,32,0
2311,202311,2123,63,1
2312,202311,7416,60,0
2313,202311,6577,49,0
2314,202311,6152,34,0
2315,202311,2899,60,1
2316,202311,8496,42,0
2317,202311,9621,62,0
2318,202311,5387,32,0
2319,202311,4765,44,0
2320,202311,3290,33,0
2321,202311,2409,22,0
2322,202311,6275,18,1
2323,202311,2990,64,1
2324,202311,9846,60,1
2325,202311,2197,26,1
2326,202311,6609,39,1
2327,202311,8623,50,0
2328,202311,2160,59,0
2329,202311,9755,64,1
2330,202311,2090,27,0
2331,202311,7876,57,1
2332,202311,3904,47,1
2333,202311,3493,63,1
2334,202311,1364,32,1
2335,202311,7368,36,1
2336,202311,5633,53,1
2337,202311,7104,19,1
2338,202311,3580,40,1
2339,202311,1502,18,0
2340,202311,5244,44,1
2341,202311,7592,54,1
2342,202311,7658,26,1
2343,202311,5323,18,1
2344,202311,5125,64,1
2345,202311,9942,62,0
2346,202311,2289,25,0
2347,202311,7840,55,0
2348,202311,3719,21,1
2349,202311,5563,45,0
2350,202311,9484,35,1
2351,202311,1569,59,1
2352,202311,3073,46,1
2353,202311,5847,45,0
2354,202311,9509,33,0
2355,202311,8998,59,0
2356,202311,5155,44,1
2357,202311,8357,50,1
2358,202311,7465,47,1
2359,202311,5853,51,0
2360,202311,8370,30,1
2361,202311,2518,55,1
2362,202311,8555,38,0
2363,202311,2863,27,1
2364,202311,5569,41,0
2365,202311,2379,60,1
2366,202311,3820,58,0
2367,202311,3079,54,0
2368,202311,1718,20,0
2369,202311,3264,62,0
2370,202311,9984,22,0
2371,202311,7149,48,1
2372,202311,9406,40,1
2373,202311,2381,61,0
2374,202311,2960,36,1
2375,202311,8484,19,1
2376,202311,6839,54,0
2377,202311,1603,47,0
2378,202311,1235,59,0
2379,202311,8971,26,0
2380,202311,6265,26,1
2381,202311,8620,21,0
2382,202311,4669,39,1
2383,202311,4583,52,1
2384,202311,6777,21,1
2385,202311,5620,24,1
2386,202311,7966,28,0
2387,202311,9390,29,0
2388,202311,5558,25,1
2389,202311,1956,40,1
2390,202311,5955,51,0
2391,202311,6425,55,1
2392,202311,7597,62,0
2393,202311,7143,54,0
2394,202311,1353,49,1
2395,202311,4165,54,1
2396,202311,7463,49,1
2397,202311,1651,55,0
2398,202311,5455,23,0
2399,202311,5822,27,1
